{
  "success": true,
  "errorCode": 1000000,
  "errorMsg": null,
  "result": {
    "serviceDataVO": {
      "avgSucRfProcTime1m": 0,
      "avgSucRfProcTime1mPct": 0.0,
      "avgSucRfProcTime1mIsPercent": false,
      "pltInvlRto1m": 0.005805515239477504,
      "pltInvlRto1mPct": 0.10304789550072571,
      "pltInvlRto1mIsPercent": true,
      "sucRfOrdrAmt1d": 176.18,
      "sucRfOrdrAmt1dPct": 0.09496581727781231,
      "sucRfOrdrAmt1dIsPercent": true,
      "rfRto1m": 0.12191582002902758,
      "rfRto1mPct": -0.005226744548425302,
      "rfRto1mIsPercent": true,
      "sucRfOrdrCnt1d": 6,
      "sucRfOrdrCnt1dPct": -0.45454545454545453,
      "sucRfOrdrCnt1dIsPercent": true
    },
    "dealDataVO": {
      "cfmOrdrCnt1d": 49,
      "cfmOrdrCnt1dPct": 0.11363636363636363,
      "cfmOrdrCnt1dIsPercent": true,
      "cfmOrdrAup1d": 26.036444444444445,
      "cfmOrdrAup1dPct": 0.006119044114039,
      "cfmOrdrAup1dIsPercent": true,
      "goodsVcr1d": 0.043478260869565216,
      "goodsVcr1dPct": -0.031055900621118043,
      "goodsVcr1dIsPercent": true,
      "cfmOrdrAmt1d": 1171.64,
      "cfmOrdrAmt1dPct": 0.07798469012218459,
      "cfmOrdrAmt1dIsPercent": true,
      "cfmOrdrUsrCnt1d": 45,
      "cfmOrdrUsrCnt1dPct": 0.07142857142857142,
      "cfmOrdrUsrCnt1dIsPercent": true,
      "payOrdrAmt1d": 1171.64,
      "payOrdrAmt1dPct": 0.0779846901221846,
      "payOrdrAmt1dIsPercent": true,
      "payOrdrUsrCnt1d": 45,
      "payOrdrUsrCnt1dPct": 0.07142857142857142,
      "payOrdrUsrCnt1dIsPercent": true,
      "payOrdrCnt1d": 49,
      "payOrdrCnt1dPct": 0.11363636363636363,
      "payOrdrCnt1dIsPercent": true,
      "payOrdrAup1d": 26.036444444444445,
      "payOrdrAup1dPct": 0.0061190441140390114,
      "payOrdrAup1dIsPercent": true
    },
    "goodsDataVO": {
      "goodsPv1d": 1240,
      "goodsPv1dPct": 0.07173725151253241,
      "goodsPv1dIsPercent": true,
      "goodsFavCntStk": 863,
      "goodsFavCntStkPct": 0.03975903614457831,
      "goodsFavCntStkIsPercent": true,
      "goodsUv1d": 1033,
      "goodsUv1dPct": 0.10363247863247864,
      "goodsUv1dIsPercent": true,
      "vstGoodsCnt1d": 6,
      "vstGoodsCnt1dPct": 0.0,
      "vstGoodsCnt1dIsPercent": true,
      "cfmOrdrGoodsQty1d": 49,
      "cfmOrdrGoodsQty1dPct": 0.06521739130434782,
      "cfmOrdrGoodsQty1dIsPercent": true
    },
    "rowKey": null
  }
}